,cnt_displayed_position,avg_displayed_position,impressed_item_ids,ipression_count,CTR
0,250,2.28,5563,790,0.31645569620253167
1,369,2.5365853658536586,5742,781,0.47247119078104993
2,254,5.488188976377953,6743,2048,0.1240234375
3,282,5.450354609929078,6753,2354,0.11979609175870858
4,623,2.319422150882825,6768,3159,0.19721430832541945
5,268,6.2611940298507465,6773,2164,0.12384473197781885
6,772,3.051813471502591,6776,4026,0.19175360158966717
7,281,4.918149466192171,6812,2190,0.12831050228310503
8,270,2.3777777777777778,6877,446,0.6053811659192825
9,270,5.7592592592592595,6975,4301,0.06277609858172518
10,1140,2.406140350877193,6977,8080,0.14108910891089108
11,379,4.395778364116095,6986,6680,0.056736526946107785
12,244,1.6147540983606556,7080,1137,0.21459982409850484
13,328,2.1280487804878048,7081,2401,0.136609745939192
14,518,1.6177606177606179,7137,1352,0.3831360946745562
15,352,1.9914772727272727,7202,2761,0.12749003984063745
16,250,3.5,7211,1016,0.24606299212598426
17,454,5.676211453744493,7236,4420,0.10271493212669683
18,274,6.021897810218978,7237,2589,0.10583236770954037
19,332,4.521084337349397,7330,1263,0.26286619160728425
20,316,3.240506329113924,7391,1575,0.20063492063492064
21,698,0.9326647564469914,7447,2064,0.3381782945736434
22,373,2.60857908847185,7485,1695,0.2200589970501475
23,256,3.90234375,7486,1442,0.17753120665742025
24,553,0.014466546112115732,7627,554,0.9981949458483754
25,267,3.6179775280898876,8284,1010,0.26435643564356437
26,364,4.697802197802198,8285,1027,0.35443037974683544
27,474,1.4451476793248945,8312,1206,0.39303482587064675
28,401,2.2693266832917707,8320,1210,0.33140495867768593
29,410,4.109756097560975,8518,2250,0.18222222222222223
30,705,5.170212765957447,8551,2412,0.2922885572139303
31,296,7.554054054054054,8564,2151,0.13761041376104138
32,268,6.485074626865671,8577,1809,0.14814814814814814
33,385,7.675324675324675,8586,1792,0.21484375
34,493,6.31237322515213,8589,2659,0.1854080481383979
35,432,2.7268518518518516,8618,2849,0.15163215163215163
36,387,5.142118863049095,8621,1910,0.20261780104712043
37,500,4.116,8772,1824,0.2741228070175439
38,728,2.583791208791209,8792,1834,0.3969465648854962
39,300,5.8933333333333335,8894,2404,0.12479201331114809
40,257,3.5992217898832686,8899,1417,0.18136908962597037
41,542,1.514760147601476,8916,1758,0.3083048919226394
42,1553,1.1448808757244044,8928,4000,0.38825
43,856,1.9929906542056075,11316,5117,0.16728551885870627
44,331,5.498489425981873,11317,4556,0.07265144863915715
45,410,4.014634146341463,11321,4935,0.08308004052684904
46,707,1.7892503536067892,11322,4294,0.16464834653004193
47,451,0.516629711751663,11500,496,0.9092741935483871
48,277,7.956678700361011,12356,5772,0.04799029799029799
49,553,7.35623869801085,12357,7057,0.0783619101601247
50,1084,2.0940959409594098,12361,8803,0.12313983869135522
51,965,2.8569948186528498,12363,8829,0.10929890134783102
52,414,9.473429951690822,12378,5207,0.07950835413865949
53,263,7.2965779467680605,12380,6194,0.04246044559250888
54,306,10.627450980392156,12384,5023,0.06091976906231336
55,986,1.567951318458418,12387,2315,0.42591792656587474
56,721,4.199722607489598,12388,7164,0.10064209938581797
57,543,5.226519337016574,12389,4832,0.11237582781456953
58,331,9.169184290030211,12392,3968,0.08341733870967742
59,410,7.224390243902439,12393,4588,0.08936355710549258
60,696,7.334770114942529,12395,6779,0.10267001032600678
61,682,5.045454545454546,12396,7800,0.08743589743589744
62,465,6.167741935483871,12397,5392,0.08623887240356083
63,1114,2.455116696588869,12399,10074,0.11058169545364305
64,304,8.888157894736842,12401,3236,0.09394313967861558
65,262,6.32824427480916,12402,1847,0.14185165132647537
66,259,9.555984555984557,12411,3835,0.06753585397653195
67,282,5.634751773049645,12413,6634,0.042508290624057886
68,619,3.478190630048465,12428,8378,0.07388398185724517
69,425,5.435294117647059,12430,3929,0.10817001781623822
70,360,4.427777777777778,12433,6242,0.05767382249279077
71,360,6.194444444444445,12436,2248,0.1601423487544484
72,471,6.3949044585987265,12438,3028,0.15554821664464993
73,278,6.471223021582734,12442,2047,0.1358085002442599
74,322,6.0186335403726705,12443,3821,0.08427113321120126
75,557,6.791741472172352,12446,5328,0.10454204204204204
76,331,4.7009063444108765,12448,2054,0.1611489776046738
77,270,7.4037037037037035,12453,2086,0.12943432406519656
78,287,5.804878048780488,12479,1190,0.2411764705882353
79,292,3.345890410958904,12498,3059,0.09545603138280484
80,326,3.6319018404907975,12502,3852,0.08463136033229492
81,314,7.726114649681529,12504,1351,0.23242042931162102
82,243,3.97119341563786,12510,2634,0.09225512528473805
83,309,6.576051779935275,12513,7865,0.039287984742530195
84,682,1.3958944281524928,12516,8629,0.0790358094796616
85,503,5.73558648111332,12518,5342,0.09415949082740546
86,246,6.853658536585366,12520,2272,0.10827464788732394
87,956,1.4738493723849373,12521,10745,0.08897161470451373
88,1847,1.218733080671359,12522,12040,0.15340531561461793
89,266,3.7481203007518795,12523,5937,0.04480377294930099
90,454,8.035242290748899,12529,7092,0.06401579244218839
91,363,5.851239669421488,12530,1877,0.19339371337240277
92,701,6.057061340941512,12531,7134,0.09826184468741239
93,281,7.512455516014235,12536,5445,0.05160697887970615
94,475,7.402105263157894,12540,7941,0.05981614406246065
95,312,1.125,12541,1188,0.26262626262626265
96,292,5.732876712328767,12543,8319,0.03510037264094242
97,454,6.405286343612334,12544,8523,0.05326762876921272
98,362,2.958563535911602,12549,1729,0.20936957779063042
99,604,1.5264900662251655,12558,4765,0.1267576075550892
100,364,4.90934065934066,12563,3617,0.1006358860934476
101,776,2.1327319587628866,12564,4920,0.15772357723577235
102,301,7.289036544850498,12571,1888,0.1594279661016949
103,270,10.35925925925926,12579,2542,0.10621557828481511
104,788,6.166243654822335,12583,12475,0.06316633266533066
105,684,2.1637426900584797,12587,8950,0.07642458100558659
106,2243,2.7962550156041015,12594,15220,0.1473718791064389
107,331,7.81570996978852,12595,5317,0.062253150272710174
108,391,5.58312020460358,12597,5349,0.07309777528510002
109,376,9.398936170212766,12602,8358,0.0449868389566882
110,267,6.48314606741573,12604,10130,0.0263573543928924
111,490,4.791836734693877,12606,6106,0.08024893547330494
112,445,7.761797752808989,12608,12286,0.036220087904932446
113,323,7.386996904024768,12610,8993,0.035916824196597356
114,412,4.910194174757281,12611,11461,0.035947997556932204
115,330,7.66969696969697,12613,10200,0.03235294117647059
116,1218,2.3563218390804597,12614,13357,0.09118814104963689
117,656,3.676829268292683,12615,13921,0.047123051504920625
118,275,6.447272727272727,12616,10884,0.025266446159500185
119,904,4.68141592920354,12618,14060,0.06429587482219061
120,701,4.89586305278174,12620,10744,0.06524571854058078
121,2574,1.031857031857032,12624,10891,0.23634193370673032
122,650,5.852307692307693,12625,6757,0.09619653692467071
123,997,3.756268806419258,12630,8545,0.11667641895845524
124,466,7.0665236051502145,12631,6115,0.07620605069501227
125,415,6.983132530120482,12633,6081,0.06824535438250288
126,1667,1.3419316136772645,12634,9195,0.1812941816204459
127,683,3.7291361639824303,12642,4964,0.13759065269943593
128,387,4.614987080103359,12643,6993,0.055341055341055344
129,459,7.647058823529412,12645,5156,0.08902249806051203
130,515,5.405825242718446,12653,6756,0.07622853759621077
131,495,5.864646464646465,12655,6671,0.07420176885024735
132,298,3.48993288590604,12660,5009,0.05949291275703733
133,292,6.9965753424657535,12667,1505,0.19401993355481728
134,483,6.134575569358178,12668,4119,0.11726147123088128
135,302,8.526490066225165,12682,1348,0.22403560830860533
136,356,6.887640449438202,12688,1974,0.18034447821681865
137,268,7.735074626865671,12692,2821,0.09500177242112726
138,1038,5.032755298651252,12694,11240,0.09234875444839857
139,1351,6.6039970392302,12695,9632,0.14026162790697674
140,322,6.456521739130435,12700,4677,0.06884755184947616
141,324,5.003086419753086,12715,3173,0.1021115663410022
142,279,3.129032258064516,12717,524,0.5324427480916031
143,309,8.880258899676376,12762,2841,0.10876451953537487
144,1608,1.8501243781094527,13123,6339,0.25366777094178894
145,629,1.9793322734499206,13435,3362,0.18709101725163593
146,484,8.34297520661157,13845,4949,0.09779753485552636
147,256,10.59375,13857,1808,0.1415929203539823
148,259,8.382239382239382,14030,2250,0.11511111111111111
149,593,1.6644182124789206,14082,3252,0.18234932349323493
150,413,2.0242130750605325,14511,1000,0.413
151,522,7.528735632183908,14644,10735,0.048625989753143924
152,317,0.7129337539432177,14701,841,0.3769322235434007
153,263,4.832699619771863,14762,5112,0.05144757433489828
154,311,2.581993569131833,14985,985,0.31573604060913707
155,311,0.6527331189710611,15192,334,0.9311377245508982
156,793,2.9243379571248425,15668,1807,0.43884892086330934
157,330,5.224242424242425,15842,1561,0.2114029468289558
158,270,5.518518518518518,15898,1060,0.25471698113207547
159,341,4.709677419354839,15962,4955,0.06881937436932392
160,269,5.096654275092937,15980,3235,0.08315301391035548
161,468,5.636752136752137,16073,2985,0.15678391959798996
162,348,5.382183908045977,16117,3729,0.09332260659694289
163,249,5.2730923694779115,16118,3781,0.06585559375826501
164,292,3.0034246575342465,16247,2868,0.10181311018131102
165,312,6.788461538461538,16674,3372,0.09252669039145907
166,316,6.64873417721519,16744,3378,0.09354647720544701
167,644,3.549689440993789,17006,1190,0.5411764705882353
168,250,2.036,17430,889,0.281214848143982
169,251,0.04780876494023904,17616,254,0.9881889763779528
170,427,2.4004683840749412,17713,3410,0.1252199413489736
171,243,8.868312757201647,18384,3455,0.0703328509406657
172,296,8.283783783783784,18394,1618,0.18294190358467244
173,287,10.968641114982578,18425,2281,0.12582200789127576
174,639,7.463223787167449,18427,5790,0.11036269430051814
175,936,1.9102564102564104,18428,10595,0.08834355828220859
176,476,8.268907563025211,18434,3400,0.14
177,319,9.407523510971787,18438,1830,0.17431693989071037
178,273,7.069597069597069,18441,3539,0.07714043515117265
179,509,6.229862475442043,18456,5832,0.08727709190672153
180,1133,6.653133274492498,18465,7504,0.1509861407249467
181,328,7.237804878048781,18479,8020,0.040897755610972565
182,315,6.717460317460318,18485,6531,0.04823151125401929
183,2055,2.102189781021898,18489,13791,0.14901022405916903
184,903,1.4363233665559247,18520,7730,0.1168175937904269
185,418,7.088516746411483,18539,7430,0.05625841184387618
186,513,4.5321637426900585,18696,6438,0.07968313140726933
187,336,7.300595238095238,18704,2307,0.14564369310793238
188,269,10.144981412639405,18711,3550,0.07577464788732394
189,460,4.758695652173913,18747,6644,0.06923540036122817
190,278,7.816546762589928,18750,5818,0.047782743210725336
191,486,5.479423868312757,18752,6477,0.07503473830477073
192,581,4.648881239242685,18755,6136,0.0946870925684485
193,394,10.380710659898478,18756,5853,0.06731590637280027
194,285,3.3157894736842106,18795,1813,0.1571980143408715
195,1703,1.5302407516147973,18802,9444,0.18032613299449385
196,395,7.141772151898734,18803,7561,0.05224176696204206
197,1618,1.723114956736712,18804,9497,0.17036959039696747
198,330,4.466666666666667,18806,5582,0.05911859548548907
199,399,9.022556390977444,18809,4641,0.08597285067873303
200,391,7.368286445012788,18815,6405,0.061046057767369245
201,457,7.5054704595186,18818,3622,0.12617338487023744
202,270,7.311111111111111,18825,4332,0.062326869806094184
203,267,9.243445692883896,18831,2050,0.1302439024390244
204,245,3.473469387755102,18864,2886,0.08489258489258489
205,394,7.246192893401015,18869,5299,0.07435365163238347
206,411,6.9391727493917275,18904,10000,0.0411
207,395,8.767088607594937,18910,6205,0.06365834004834811
208,403,8.890818858560793,18913,9710,0.041503604531410915
209,437,3.5491990846681922,18921,2489,0.17557251908396945
210,966,1.3768115942028984,18942,5947,0.1624348410963511
211,266,4.639097744360902,18943,3779,0.07038899179677163
212,262,5.679389312977099,18945,4831,0.05423307803767336
213,359,4.924791086350975,18947,5980,0.060033444816053515
214,560,7.382142857142857,18953,5976,0.09370816599732262
215,385,6.488311688311688,18965,5189,0.07419541337444595
216,825,8.353939393939394,18987,9918,0.08318209316394434
217,996,2.8845381526104417,18988,9900,0.1006060606060606
218,1303,1.8695318495778972,19004,10220,0.12749510763209393
219,871,3.7129735935706085,19006,10004,0.08706517393042783
220,250,11.516,19013,4890,0.05112474437627812
221,1260,2.0206349206349206,19046,4775,0.2638743455497382
222,325,4.16,19054,3952,0.08223684210526316
223,351,2.341880341880342,19077,1488,0.23588709677419356
224,338,3.3431952662721893,19078,1189,0.2842724978973928
225,244,4.028688524590164,19108,1380,0.17681159420289855
226,305,2.091803278688525,19122,1654,0.18440145102781136
227,282,2.3333333333333335,19135,3552,0.07939189189189189
228,364,2.9450549450549453,19158,1679,0.2167957117331745
229,762,2.2690288713910762,19207,3161,0.24106295476115153
230,359,1.6044568245125348,19313,1061,0.3383600377002828
231,430,2.953488372093023,19354,1430,0.3006993006993007
232,311,3.7363344051446945,19368,2877,0.10809871393813
233,314,6.974522292993631,19386,1840,0.17065217391304346
234,527,3.049335863377609,19389,2664,0.19782282282282282
235,387,4.170542635658915,19391,1951,0.19835981547924142
236,289,2.332179930795848,19453,1902,0.1519453207150368
237,653,3.923430321592649,19529,3033,0.21529838443785032
238,452,3.265486725663717,19532,2539,0.17802284363922805
239,1106,1.6763110307414104,19539,2574,0.4296814296814297
240,449,1.6503340757238307,19577,1502,0.2989347536617843
241,406,2.147783251231527,19597,4675,0.08684491978609625
242,1785,1.35406162464986,19599,5604,0.31852248394004284
243,265,2.4075471698113207,19603,3159,0.08388730610952833
244,1468,0.23228882833787465,19607,3514,0.4177575412635174
245,243,1.9094650205761317,19609,3352,0.07249403341288783
246,469,2.6695095948827294,19611,4840,0.096900826446281
247,382,2.026178010471204,19621,3503,0.1090493862403654
248,346,3.73121387283237,19645,3989,0.08673853096014039
249,325,2.396923076923077,19646,3834,0.08476786645800731
250,1183,1.276415891800507,19648,4129,0.2865100508597723
251,328,3.201219512195122,19676,4606,0.07121146330872774
252,392,3.247448979591837,19682,5213,0.07519662382505275
253,377,4.713527851458886,19686,4959,0.07602339181286549
254,509,2.404715127701375,19693,5322,0.09564073656520106
255,244,3.1885245901639343,19708,987,0.24721377912867273
256,1383,2.291395516992046,19768,3003,0.46053946053946054
257,257,2.859922178988327,20103,407,0.6314496314496314
258,429,6.321678321678322,32788,9954,0.04309825195901145
259,256,3.73046875,32827,2207,0.11599456275487087
260,664,4.4352409638554215,32936,7717,0.08604379940391343
261,597,1.8927973199329984,32937,960,0.621875
262,2324,1.7641996557659207,32940,7277,0.3193623746049196
263,262,5.854961832061068,32943,1870,0.14010695187165775
264,559,4.658318425760286,32952,7022,0.07960694958701224
265,537,4.56610800744879,37118,3717,0.14447134786117838
266,568,2.7200704225352115,37125,4903,0.11584744034264736
267,348,5.614942528735632,37141,3297,0.10555050045495905
268,584,2.287671232876712,37156,4970,0.11750503018108652
269,1382,1.3603473227206946,37165,3515,0.393172119487909
270,283,4.148409893992933,37324,1407,0.20113717128642503
271,301,2.2259136212624586,37906,2094,0.1437440305635148
272,772,1.1968911917098446,37941,3020,0.2556291390728477
273,473,1.748414376321353,37942,2450,0.19306122448979593
274,634,2.641955835962145,37999,2242,0.28278322925958965
275,352,2.946022727272727,38046,1353,0.2601626016260163
276,1177,1.318606627017842,38365,4069,0.2892602605062669
277,618,2.215210355987055,38372,3634,0.17006053935057788
278,342,1.8187134502923976,39498,1812,0.18874172185430463
279,259,3.718146718146718,39507,2984,0.08679624664879357
280,348,3.8333333333333335,39528,1057,0.32923368022705773
281,248,4.298387096774194,39613,413,0.6004842615012107
282,275,2.869090909090909,39657,2540,0.10826771653543307
283,426,1.8286384976525822,40499,2294,0.1857018308631212
284,269,6.368029739776952,40651,960,0.28020833333333334
285,318,4.031446540880503,40753,1563,0.2034548944337812
286,256,4.0546875,40776,1373,0.1864530225782957
287,279,5.111111111111111,40827,1045,0.2669856459330144
288,260,3.273076923076923,41536,3196,0.08135168961201501
289,305,3.495081967213115,41608,2215,0.13769751693002258
290,334,3.9221556886227544,42065,3053,0.10940058958401572
291,1089,2.610651974288338,42084,8726,0.12479944991977997
292,259,3.525096525096525,42094,2586,0.10015467904098994
293,338,5.529585798816568,42127,4775,0.07078534031413612
294,727,2.9023383768913344,42133,8426,0.08628056017089959
295,302,6.357615894039735,42149,1363,0.2215700660308144
296,973,2.2559095580678314,42166,5478,0.17761956918583424
297,272,4.613970588235294,42262,3968,0.06854838709677419
298,680,2.475,42278,3404,0.199764982373678
299,318,3.880503144654088,43221,1006,0.31610337972166996
300,382,1.3429319371727748,43222,1144,0.3339160839160839
301,382,0.0,45027,382,1.0
302,258,4.093023255813954,46036,4514,0.057155516171909615
303,244,3.6147540983606556,46061,2554,0.09553641346906813
304,354,6.2175141242937855,46077,2260,0.15663716814159293
305,521,4.681381957773512,46102,3405,0.15301027900146844
306,380,6.713157894736842,46144,2446,0.1553556827473426
307,680,4.0852941176470585,46171,2925,0.23247863247863249
308,361,4.5595567867036015,46208,2832,0.1274717514124294
309,249,6.056224899598393,46213,4619,0.05390777224507469
310,345,5.6927536231884055,46240,8139,0.042388499815702176
311,288,5.777777777777778,46254,5978,0.04817664770826363
312,684,1.4883040935672514,46259,3614,0.1892639734366353
313,555,7.230630630630631,46262,7110,0.07805907172995781
314,248,8.036290322580646,46265,6301,0.03935883193143946
315,278,7.575539568345324,46282,1303,0.21335379892555642
316,341,7.126099706744868,46285,6100,0.055901639344262295
317,250,3.524,46286,6311,0.039613373474885125
318,283,6.932862190812721,46289,4946,0.05721795390214315
319,358,7.622905027932961,46294,4390,0.0815489749430524
320,1091,6.902841429880843,46296,6350,0.17181102362204725
321,256,5.140625,46304,4903,0.05221293085865796
322,462,7.523809523809524,46311,4800,0.09625
323,1058,5.1323251417769375,46314,8250,0.12824242424242424
324,261,4.505747126436781,46322,1991,0.13108990457056754
325,262,4.17175572519084,46330,927,0.2826321467098166
326,315,3.422222222222222,46353,3372,0.09341637010676157
327,416,0.8605769230769231,46387,3315,0.12549019607843137
328,630,1.465079365079365,46436,1426,0.4417952314165498
329,586,2.131399317406143,46451,2306,0.2541196877710321
330,335,3.4895522388059703,46452,2096,0.15982824427480916
331,391,1.2352941176470589,46453,1011,0.3867457962413452
332,263,3.8250950570342206,46456,646,0.4071207430340557
333,365,8.438356164383562,46462,3408,0.10710093896713616
334,424,8.20754716981132,46467,6522,0.06501073290401717
335,1085,1.6368663594470045,46471,5977,0.1815291952484524
336,244,6.045081967213115,46481,4231,0.05766958165918223
337,276,2.036231884057971,46482,346,0.7976878612716763
338,406,4.051724137931035,46501,1306,0.3108728943338438
339,647,2.35548686244204,46507,2661,0.24314167606163098
340,408,6.245098039215686,46508,5124,0.07962529274004684
341,651,2.165898617511521,46509,8274,0.07868020304568528
342,1096,3.5565693430656933,46510,8985,0.1219810795770729
343,783,3.713920817369093,46514,9354,0.08370750481077614
344,635,2.8661417322834644,46519,2573,0.2467936261173727
345,638,2.572100313479624,46541,5905,0.10804403048264183
346,682,1.9428152492668622,46559,1267,0.5382794001578532
347,375,5.602666666666667,46572,7485,0.050100200400801605
348,726,7.104683195592287,46573,5937,0.12228398180899444
349,804,6.230099502487562,46574,4547,0.17681988124037828
350,248,7.286290322580645,46577,2696,0.09198813056379822
351,443,9.047404063205418,46583,7434,0.059591068065644334
352,249,7.289156626506024,46586,3152,0.078997461928934
353,300,6.386666666666667,46587,1670,0.17964071856287425
354,376,5.63031914893617,46597,8179,0.04597139014549456
355,331,11.166163141993957,46601,3255,0.10168970814132104
356,373,2.7935656836461127,46604,1831,0.20371381758601856
357,595,3.0756302521008405,46612,6724,0.08848899464604403
358,266,9.853383458646617,46686,2147,0.12389380530973451
359,299,5.525083612040134,46721,1567,0.190810465858328
360,401,1.7281795511221945,46803,2149,0.18659841786877618
361,1286,6.422239502332815,46833,12046,0.1067574298522331
362,724,2.1464088397790055,46837,1054,0.6869070208728653
363,371,2.431266846361186,46860,3105,0.11948470209339775
364,393,9.213740458015268,46877,7516,0.05228845130388504
365,272,4.470588235294118,46879,2709,0.10040605389442599
366,418,3.772727272727273,46892,1792,0.23325892857142858
367,440,2.125,46896,2147,0.20493712156497437
368,481,2.494802494802495,46949,2983,0.1612470667113644
369,255,3.3607843137254902,46952,1433,0.1779483600837404
370,608,3.848684210526316,46981,1228,0.495114006514658
371,499,8.324649298597194,46985,3923,0.1271985725210298
372,261,6.390804597701149,47019,2664,0.09797297297297297
373,300,12.24,47021,3326,0.09019843656043296
374,309,9.763754045307444,47045,3662,0.0843801201529219
375,246,4.5894308943089435,47051,1404,0.1752136752136752
376,269,4.349442379182156,47062,1585,0.16971608832807572
377,299,4.846153846153846,47065,2997,0.09976643309976643
378,250,6.112,47079,4896,0.05106209150326797
379,307,5.664495114006515,47089,5908,0.051963439404197696
380,354,1.7796610169491525,47092,1014,0.34911242603550297
381,309,4.563106796116505,47100,6912,0.04470486111111111
382,804,7.4888059701492535,47101,7313,0.10994120060166826
383,283,4.519434628975265,47103,512,0.552734375
384,281,8.676156583629894,47104,6898,0.04073644534647724
385,501,8.27944111776447,47115,4497,0.1114076050700467
386,1313,4.514089870525514,47121,18740,0.0700640341515475
387,444,4.421171171171171,47132,2834,0.15666901905434016
388,332,4.843373493975903,47141,8016,0.04141716566866267
389,539,4.51948051948052,47142,6607,0.08158014227334645
390,336,2.8601190476190474,47148,2642,0.1271763815291446
391,274,4.711678832116788,47160,2291,0.11959842863378438
392,506,3.241106719367589,47174,2039,0.24816086316821973
393,277,8.942238267148014,47195,2300,0.12043478260869565
394,402,10.281094527363184,47203,5249,0.07658601638407316
395,382,2.7041884816753927,47211,2824,0.13526912181303116
396,297,5.750841750841751,47223,1304,0.227760736196319
397,275,2.130909090909091,47234,844,0.32582938388625593
398,244,2.30327868852459,47299,603,0.4046434494195688
399,280,0.8964285714285715,47311,342,0.8187134502923976
400,263,3.828897338403042,47332,1131,0.23253757736516356
401,270,2.6444444444444444,47362,4113,0.06564551422319474
402,638,2.9435736677115987,47369,6479,0.09847198641765705
403,288,4.197916666666667,47370,3876,0.07430340557275542
404,362,9.762430939226519,47371,5029,0.07198250149135017
405,353,6.1303116147308785,47372,5643,0.06255537834485203
406,417,6.7913669064748206,47374,6790,0.06141384388807069
407,472,8.747881355932204,47378,7352,0.06420021762785637
408,525,5.180952380952381,47385,5740,0.09146341463414634
409,720,6.5375,47394,8537,0.08433876068876654
410,537,1.8063314711359404,47396,2343,0.22919334186939821
411,278,1.8633093525179856,47414,673,0.413075780089153
412,280,3.642857142857143,47463,1054,0.2656546489563567
413,390,3.4564102564102566,47500,999,0.39039039039039036
414,244,3.778688524590164,47513,673,0.362555720653789
415,567,2.2292768959435625,47605,3718,0.15250134480903713
416,626,2.4185303514377,47657,5147,0.12162424713425296
417,269,1.6505576208178439,47658,1781,0.1510387422796182
418,282,7.840425531914893,47665,2035,0.13857493857493858
419,477,8.153039832285115,47672,6513,0.07323813910640257
420,332,3.7379518072289155,47674,1591,0.20867379006913891
421,291,2.7663230240549828,47678,1753,0.16600114090131204
422,283,7.886925795053004,47688,3756,0.07534611288604899
423,338,6.671597633136095,47699,5561,0.06078043517352994
424,699,3.011444921316166,47706,2328,0.3002577319587629
425,666,6.27027027027027,47712,9816,0.0678484107579462
426,289,2.0034602076124566,47722,484,0.5971074380165289
427,258,3.201550387596899,47758,1342,0.19225037257824143
428,533,1.6622889305816135,47770,4460,0.1195067264573991
429,313,2.7252396166134187,47772,1844,0.16973969631236444
430,444,9.175675675675675,47784,2612,0.16998468606431852
431,767,6.66232073011734,47785,7215,0.1063063063063063
432,580,2.3741379310344826,47793,1564,0.37084398976982097
433,377,2.1220159151193636,47802,2152,0.17518587360594795
434,319,10.225705329153605,47803,5424,0.05881268436578171
435,783,1.9042145593869733,47805,4133,0.18945076215823856
436,280,7.292857142857143,47823,3400,0.08235294117647059
437,259,2.146718146718147,47862,3980,0.06507537688442211
438,255,2.5098039215686274,47891,318,0.8018867924528302
439,294,3.5476190476190474,47925,2427,0.1211372064276885
440,305,2.360655737704918,47945,1245,0.24497991967871485
441,572,1.3933566433566433,47972,2725,0.20990825688073395
442,246,10.414634146341463,47984,5071,0.04851114178662986
443,283,2.0989399293286217,47987,1298,0.21802773497688752
444,276,5.344202898550725,47993,2214,0.12466124661246612
445,456,6.462719298245614,48001,5935,0.07683235046335299
446,845,4.26508875739645,48011,9021,0.09367032479769427
447,286,3.3811188811188813,48034,1024,0.279296875
448,257,3.8249027237354087,48049,2073,0.12397491558128317
449,264,4.920454545454546,48054,1397,0.1889763779527559
450,390,6.705128205128205,48055,3205,0.12168486739469579
451,404,1.4678217821782178,48059,2391,0.16896695943120033
452,251,8.46215139442231,48064,3346,0.07501494321578003
453,312,5.657051282051282,48067,2376,0.13131313131313133
454,285,5.315789473684211,48069,1593,0.17890772128060264
455,343,6.80466472303207,48072,10801,0.031756318859364877
456,245,9.861224489795918,48078,5706,0.0429372590255871
457,291,6.099656357388316,48079,3566,0.08160403813796971
458,248,3.975806451612903,48092,616,0.4025974025974026
459,336,8.223214285714286,48093,6478,0.051867860450756406
460,244,2.0860655737704916,48097,470,0.5191489361702127
461,734,5.1035422343324255,48099,6697,0.10960131402120353
462,245,4.930612244897959,48104,3615,0.0677731673582296
463,271,7.398523985239852,48105,6784,0.039946933962264154
464,287,7.644599303135888,48108,3976,0.0721830985915493
465,597,1.3115577889447236,48114,2262,0.2639257294429708
466,342,1.608187134502924,48136,924,0.37012987012987014
467,689,3.481857764876633,48148,7299,0.0943964926702288
468,774,3.8165374677002584,48160,6812,0.11362301820317088
469,404,6.883663366336633,48164,6862,0.05887496356747304
470,337,1.1899109792284865,50187,337,1.0
471,428,4.719626168224299,67445,1081,0.39592969472710454
472,560,4.1571428571428575,80921,7683,0.07288819471560588
473,504,1.5634920634920635,81011,1238,0.407108239095315
474,280,6.2178571428571425,81706,9078,0.030843798193434677
475,294,5.377551020408164,82013,4374,0.06721536351165981
476,375,9.536,82014,3112,0.1205012853470437
477,1511,1.1131700860357379,85116,9280,0.16282327586206896
478,468,2.9871794871794872,85341,3904,0.11987704918032786
479,307,1.6579804560260587,85704,597,0.5142378559463987
480,254,5.673228346456693,85713,3039,0.08358012504113195
481,323,5.34984520123839,85720,2322,0.13910422049956933
482,1147,1.3504795117698343,85724,9007,0.1273453980237593
483,1822,1.141602634467618,85725,9457,0.19266152056677593
484,275,2.4145454545454546,85735,1256,0.21894904458598727
485,330,0.9545454545454546,85747,961,0.3433922996878252
486,825,2.193939393939394,85751,1384,0.5960982658959537
487,419,10.023866348448687,85781,6385,0.06562255285826155
488,929,5.630785791173305,85801,8885,0.10455824423185144
489,521,3.0076775431861806,85802,3157,0.16503009185936016
490,1832,1.6959606986899562,85808,10947,0.16735178587740934
491,799,2.244055068836045,85809,3417,0.23383084577114427
492,281,9.117437722419929,85810,1272,0.2209119496855346
493,345,4.779710144927536,86917,6359,0.05425381349268753
494,637,3.0926216640502355,86940,5268,0.12091875474563402
495,264,7.200757575757576,86959,2507,0.10530514559234144
496,252,6.988095238095238,86963,2964,0.08502024291497975
497,256,7.76171875,86970,3244,0.07891491985203453
498,302,4.062913907284768,86971,3352,0.09009546539379475
499,381,5.986876640419948,86978,1460,0.26095890410958905
500,662,0.04229607250755287,93388,670,0.9880597014925373
501,287,3.4390243902439024,94211,2289,0.12538226299694188
502,631,1.3946117274167988,95736,1564,0.40345268542199486
503,347,9.144092219020173,97419,2892,0.11998616874135547
504,309,6.080906148867314,98741,6842,0.04516223326512715
505,331,6.335347432024169,98742,2659,0.12448288830387363
506,279,4.516129032258065,98769,2308,0.12088388214904679
507,724,0.393646408839779,99018,835,0.8670658682634731
508,681,7.4375917767988255,99038,7819,0.08709553651362066
509,763,2.7221494102228045,99039,9239,0.0825846953133456
510,753,0.6746347941567065,99040,1597,0.4715090795241077
511,305,8.01311475409836,99092,5442,0.056045571481073135
512,315,1.488888888888889,100221,322,0.9782608695652174
513,485,4.5010309278350515,100604,2735,0.1773308957952468
514,772,0.11787564766839378,100770,773,0.9987063389391979
515,306,6.356209150326797,101346,6651,0.046008119079837616
516,261,3.532567049808429,101356,566,0.46113074204946997
517,283,3.6819787985865724,101359,1959,0.14446145992853496
518,245,4.485714285714286,101364,2613,0.09376195943360123
519,680,2.148529411764706,101366,2340,0.2905982905982906
520,332,1.8433734939759037,104273,1410,0.23546099290780143
521,449,0.9420935412026726,104274,1684,0.2666270783847981
522,536,4.843283582089552,105703,2717,0.1972764078027236
523,930,2.109677419354839,109839,4257,0.21846370683579985
524,425,7.670588235294118,109851,7634,0.05567199371233953
525,494,2.4878542510121457,109869,1315,0.37566539923954373
526,336,3.1101190476190474,109938,1005,0.33432835820895523
527,412,0.23058252427184467,113096,412,1.0
528,454,9.204845814977974,117449,5397,0.08412080785621642
529,1049,0.04861773117254528,117840,1056,0.9933712121212122
530,725,4.128275862068966,122308,9249,0.07838685263271705
531,260,4.026923076923077,123053,453,0.5739514348785872
532,250,3.032,124803,823,0.3037667071688943
533,272,4.022058823529412,125340,586,0.4641638225255973
534,354,2.638418079096045,125341,2171,0.1630584983878397
535,338,3.8698224852071004,125374,815,0.4147239263803681
536,364,2.21978021978022,125776,1042,0.3493282149712092
537,340,4.25,126363,5746,0.05917159763313609
538,349,2.7478510028653296,126795,1634,0.21358629130966952
539,309,3.249190938511327,126926,1507,0.20504313205043131
540,252,1.3055555555555556,127168,651,0.3870967741935484
541,493,2.6470588235294117,127358,6131,0.08041102593377915
542,339,2.870206489675516,127741,855,0.39649122807017545
543,252,2.3968253968253967,127771,490,0.5142857142857142
544,556,1.9226618705035972,127920,2739,0.20299379335523915
545,248,2.6048387096774195,127960,4562,0.05436212187637001
546,388,1.5335051546391754,128992,3225,0.12031007751937985
547,265,4.867924528301887,129690,983,0.2695829094608342
548,330,1.1545454545454545,129821,420,0.7857142857142857
549,413,2.7409200968523004,131046,2288,0.180506993006993
550,338,3.269230769230769,131126,1293,0.2614075792730085
551,315,6.5968253968253965,131847,5981,0.05266677813074737
552,250,5.556,131849,3160,0.07911392405063292
553,304,1.832236842105263,132171,524,0.5801526717557252
554,399,0.8822055137844611,133004,3102,0.1286266924564797
555,248,9.955645161290322,135964,3252,0.07626076260762607
556,366,3.901639344262295,139392,1507,0.24286662242866622
557,503,2.518886679920477,139961,2262,0.22236958443854996
558,272,3.172794117647059,140513,347,0.7838616714697406
559,353,1.6912181303116147,140889,449,0.7861915367483296
560,351,1.9145299145299146,141180,1039,0.33782483156881615
561,260,5.665384615384616,147264,2169,0.119870908252651
562,278,5.370503597122302,147504,2347,0.11844908393694077
563,260,4.369230769230769,147570,3202,0.08119925046845722
564,483,4.3395445134575565,147730,6571,0.0735047937908994
565,378,9.957671957671957,147734,4933,0.07662679910804784
566,485,7.969072164948454,147736,8202,0.059131919044135575
567,342,8.304093567251462,147794,5813,0.058833648718389815
568,460,4.758695652173913,147807,6661,0.06905869989491067
569,438,7.315068493150685,147851,7053,0.062101233517652066
570,353,10.594900849858357,147854,3923,0.08998215651287281
571,625,5.4112,148008,7016,0.08908209806157355
572,457,3.4595185995623634,148067,6258,0.07302652604666028
573,907,0.19955898566703417,148313,1238,0.7326332794830371
574,352,7.267045454545454,148543,5471,0.06433924328276366
575,277,9.321299638989169,148638,1399,0.19799857040743388
576,1254,1.437799043062201,148968,8020,0.15635910224438904
577,322,8.01552795031056,149060,3779,0.08520772691188146
578,641,7.12792511700468,149078,6404,0.10009369144284821
579,247,2.8097165991902835,149105,2505,0.09860279441117764
580,1225,3.536326530612245,149129,11278,0.10861854938818939
581,274,6.010948905109489,149255,3247,0.08438558669541114
582,246,6.2317073170731705,149626,2978,0.08260577568838147
583,766,1.7284595300261096,149631,3652,0.20974808324205915
584,247,4.4089068825910935,149923,1583,0.1560328490208465
585,428,1.264018691588785,150763,1731,0.24725592143269787
586,1836,0.6971677559912854,151146,10377,0.1769297484822203
587,342,4.681286549707602,151795,2001,0.17091454272863568
588,278,3.91726618705036,151812,4549,0.06111233238074302
589,728,9.64423076923077,152032,4573,0.15919527662366062
590,313,6.10223642172524,152068,6721,0.04657045082576997
591,611,6.602291325695581,152499,5588,0.10934144595561919
592,590,4.811864406779661,152509,8976,0.06573083778966132
593,295,3.776271186440678,152698,1677,0.1759093619558736
594,526,5.081749049429658,152701,2219,0.23704371338440738
595,248,4.07258064516129,152838,4452,0.055705300988319856
596,255,10.843137254901961,152839,3495,0.07296137339055794
597,431,6.4988399071925755,152873,9923,0.04343444522825758
598,996,2.322289156626506,152930,4483,0.22217265224180235
599,928,6.802801724137931,153010,9871,0.09401276466416776
600,317,3.7507886435331232,153423,1162,0.2728055077452668
601,508,9.53740157480315,154145,4488,0.11319073083778966
602,358,7.76536312849162,154147,3447,0.10385842761821874
603,412,1.3907766990291262,155753,1051,0.39200761179828736
604,259,2.7142857142857144,156222,5496,0.04712518195050946
605,372,3.986559139784946,158745,1288,0.2888198757763975
606,290,6.062068965517241,162276,3981,0.0728460185882944
607,385,0.6675324675324675,162859,1020,0.37745098039215685
608,310,0.16451612903225807,164758,310,1.0
609,471,3.229299363057325,164788,1347,0.34966592427616927
610,276,1.036231884057971,165370,368,0.75
611,524,0.7748091603053435,178272,1629,0.32166973603437693
612,580,5.2362068965517246,183681,8183,0.07087865086154223
613,434,4.559907834101383,222876,7100,0.06112676056338028
614,265,2.969811320754717,322676,1236,0.21440129449838188
615,300,1.3866666666666667,326991,302,0.9933774834437086
616,651,4.287250384024578,342266,1379,0.4720812182741117
617,453,1.5253863134657837,342361,623,0.7271268057784912
618,311,1.9260450160771705,342396,3710,0.08382749326145553
619,689,6.2757619738751815,342461,9901,0.06958893041106959
620,590,1.8016949152542372,342466,4378,0.1347647327546825
621,825,1.730909090909091,342501,3364,0.24524375743162902
622,553,3.3779385171790235,342701,3160,0.175
623,784,3.5497448979591835,342731,9670,0.08107549120992762
624,522,1.7183908045977012,342736,2765,0.1887884267631103
625,938,6.107675906183369,342836,12087,0.07760403739554894
626,358,3.410614525139665,343046,2598,0.13779830638953042
627,336,5.705357142857143,343191,6994,0.04804117815270231
628,251,5.725099601593626,344771,2106,0.11918328584995251
629,427,4.618266978922716,373036,7346,0.058126871766948
630,414,1.4251207729468598,386461,2450,0.1689795918367347
631,256,6.5859375,396781,1771,0.1445511010728402
632,420,6.316666666666666,397566,7705,0.054510058403634
633,699,1.200286123032904,399706,4408,0.15857531760435573
634,515,3.4854368932038833,435861,3635,0.14167812929848694
635,249,9.365461847389557,435971,1258,0.19793322734499205
636,903,1.6533776301218162,435981,2705,0.33382624768946395
637,451,2.186252771618625,435996,3569,0.1263659288316055
638,1544,0.14766839378238342,436036,1591,0.9704588309239472
639,280,7.2,436136,983,0.28484231943031535
640,804,1.1181592039800996,436166,2704,0.2973372781065089
641,434,3.2096774193548385,449156,1012,0.4288537549407115
642,262,3.9427480916030535,454766,2230,0.11748878923766816
643,504,5.849206349206349,481151,1295,0.3891891891891892
644,283,2.512367491166078,499886,2026,0.13968410661401776
645,594,2.037037037037037,512431,2533,0.23450454007106197
646,292,2.2157534246575343,515541,1037,0.2815814850530376
647,277,2.5812274368231045,517506,592,0.46790540540540543
648,320,2.16875,529756,2213,0.14460009037505647
649,482,4.1846473029045645,529941,3859,0.12490282456594973
650,243,1.7901234567901234,530631,635,0.3826771653543307
651,270,2.096296296296296,533291,677,0.3988183161004431
652,410,3.7780487804878047,557156,906,0.45253863134657835
653,281,6.04270462633452,585616,1775,0.15830985915492957
654,500,0.532,587156,535,0.9345794392523364
655,287,9.64808362369338,598471,1394,0.20588235294117646
656,416,1.1129807692307692,599756,583,0.7135506003430532
657,520,3.1942307692307694,608921,1970,0.2639593908629442
658,561,1.5775401069518717,608956,985,0.5695431472081218
659,751,8.537949400798935,627441,4635,0.16202804746494068
660,418,6.626794258373206,627446,2267,0.18438464931627702
661,397,7.5365239294710324,627461,4041,0.09824300915614947
662,246,5.016260162601626,630961,1469,0.16746085772634445
663,424,6.691037735849057,631331,5179,0.08186908669627341
664,865,2.9815028901734104,633541,3306,0.2616454930429522
665,316,1.8259493670886076,635721,2148,0.14711359404096835
666,404,2.2252475247524752,636046,1430,0.28251748251748254
667,251,2.537848605577689,636051,1165,0.21545064377682405
668,315,2.780952380952381,637641,1962,0.16055045871559634
669,248,5.495967741935484,637671,2582,0.09604957397366383
670,283,5.392226148409894,637816,2430,0.11646090534979424
671,258,4.608527131782946,638046,2713,0.0950976778474014
672,658,1.9802431610942248,640926,986,0.6673427991886409
673,1695,1.5398230088495575,672466,4696,0.36094548551959116
674,517,2.516441005802708,692181,2362,0.2188823031329382
675,620,4.683870967741935,706646,10776,0.05753526354862658
676,265,2.452830188679245,752551,600,0.44166666666666665
677,256,3.11328125,754896,2363,0.10833685992382565
678,249,4.975903614457831,757201,1560,0.1596153846153846
679,282,3.141843971631206,774213,1127,0.2502218278615794
680,479,2.3089770354906056,774498,1633,0.29332516840171463
681,387,6.762273901808785,787341,3069,0.12609970674486803
682,526,5.718631178707224,796931,2488,0.21141479099678456
683,272,5.455882352941177,800406,6333,0.04294962892783831
684,295,1.7254237288135594,845316,600,0.49166666666666664
685,484,10.584710743801653,853456,10179,0.04754887513508203
686,701,5.934379457917261,857741,5460,0.12838827838827838
687,351,6.415954415954416,876946,713,0.49228611500701264
688,439,1.530751708428246,880907,673,0.6523031203566122
689,578,5.3477508650519034,880913,11888,0.04862045760430687
690,495,8.561616161616161,882841,3095,0.15993537964458804
691,586,2.061433447098976,883697,3367,0.17404217404217404
692,281,6.049822064056939,887655,1485,0.1892255892255892
693,302,0.44039735099337746,891793,725,0.416551724137931
694,1064,3.4971804511278197,894539,3499,0.3040868819662761
695,385,8.345454545454546,894665,1806,0.2131782945736434
696,304,1.2203947368421053,895929,867,0.3506343713956171
697,273,2.227106227106227,899433,334,0.8173652694610778
698,422,1.7890995260663507,904963,429,0.9836829836829837
699,489,0.2658486707566462,908375,489,1.0
700,333,8.627627627627628,913095,1680,0.1982142857142857
701,294,2.836734693877551,922489,1626,0.18081180811808117
702,411,8.345498783454987,925325,10076,0.0407899960301707
703,259,7.617760617760617,925483,3666,0.0706492089470813
704,499,1.376753507014028,926571,1955,0.25524296675191815
705,256,8.66796875,926665,5246,0.04879908501715593
706,276,2.0942028985507246,927481,276,1.0
707,327,8.4434250764526,927891,2244,0.14572192513368984
708,582,3.8642611683848798,931753,7333,0.0793672439656348
709,262,6.625954198473282,933215,10519,0.024907310580853693
710,1153,2.805724197745013,934069,13027,0.08850848238274353
711,304,1.3421052631578947,935993,1150,0.2643478260869565
712,293,3.7986348122866893,938291,1436,0.20403899721448468
713,556,1.3866906474820144,938604,4257,0.1306084096781771
714,311,5.755627009646302,939166,3066,0.10143509458577951
715,288,9.447916666666666,939196,5687,0.05064181466502549
716,281,3.807829181494662,940416,4299,0.0653640381484066
717,444,3.5135135135135136,941619,4043,0.10981944100915161
718,847,0.8902007083825265,945135,2166,0.3910433979686057
719,590,3.488135593220339,945157,1652,0.35714285714285715
720,337,0.7032640949554896,945255,493,0.6835699797160243
721,306,2.741830065359477,945921,1498,0.20427236315086783
722,346,2.19364161849711,946177,1634,0.211750305997552
723,658,6.217325227963526,946503,3265,0.201531393568147
724,457,2.816192560175055,947863,645,0.7085271317829457
725,294,4.829931972789115,950213,2009,0.14634146341463414
726,559,1.7388193202146691,951403,4045,0.13819530284301607
727,465,2.6344086021505375,951849,2256,0.20611702127659576
728,273,8.003663003663004,954789,1731,0.15771230502599654
729,305,8.347540983606557,955609,2598,0.11739799846035412
730,276,6.797101449275362,955845,1976,0.1396761133603239
731,481,1.2557172557172558,966805,2999,0.16038679559853283
732,277,0.0,967589,277,1.0
733,264,8.905303030303031,968575,815,0.3239263803680982
734,611,2.049099836333879,971853,4542,0.13452223690004403
735,265,10.483018867924528,971923,4052,0.06539980256663376
736,831,4.40072202166065,975485,7437,0.11173860427591771
737,420,5.735714285714286,995663,2809,0.1495194019223923
738,262,3.2442748091603053,1030758,1096,0.23905109489051096
739,261,2.5134099616858236,1053964,1415,0.18445229681978798
740,719,1.7858136300417247,1074916,2377,0.30248212031973076
741,319,1.0532915360501567,1075490,720,0.44305555555555554
742,330,5.712121212121212,1075574,5039,0.06548918436197658
743,326,8.079754601226995,1076152,2129,0.15312353217472993
744,321,9.118380062305295,1089018,2616,0.12270642201834862
745,893,3.6270996640537514,1094726,4866,0.18351829017673654
746,313,5.019169329073482,1099338,4067,0.07696090484386525
747,290,2.43448275862069,1100840,3173,0.09139615505830444
748,580,2.543103448275862,1105742,4624,0.1254325259515571
749,640,1.4015625,1107086,1428,0.4481792717086835
750,320,5.10625,1112543,5113,0.06258556620379425
751,300,6.653333333333333,1134707,1905,0.15748031496062992
752,297,1.3703703703703705,1138453,729,0.4074074074074074
753,694,2.814121037463977,1152116,7403,0.09374577873834931
754,347,1.7463976945244957,1152163,1537,0.2257644762524398
755,929,2.0247578040904197,1153462,6707,0.13851200238556732
756,444,3.454954954954955,1167325,2821,0.15739099610067353
757,311,5.57556270096463,1167514,2417,0.12867190732312783
758,530,3.258490566037736,1167758,2770,0.19133574007220217
759,481,5.885654885654886,1172704,2329,0.20652640618291113
760,782,2.3069053708439897,1175598,5044,0.15503568596352102
761,365,5.101369863013699,1181020,1514,0.24108322324966974
762,576,4.453125,1183570,7944,0.07250755287009064
763,248,7.94758064516129,1183572,2154,0.11513463324048283
764,299,5.1003344481605355,1184620,3422,0.08737580362361193
765,321,2.694704049844237,1189328,2402,0.13363863447127394
766,276,5.36231884057971,1196924,1485,0.18585858585858586
767,492,2.1686991869918697,1204716,3800,0.12947368421052632
768,299,8.250836120401338,1205646,5195,0.0575553416746872
769,250,6.528,1205868,1172,0.21331058020477817
770,494,1.091093117408907,1207536,500,0.988
771,324,4.185185185185185,1208940,1641,0.19744058500914077
772,544,6.288602941176471,1217494,10411,0.05225242531937374
773,675,2.1214814814814815,1223232,2602,0.25941583397386625
774,670,1.4104477611940298,1237140,4262,0.15720319099014546
775,248,2.032258064516129,1237627,1230,0.2016260162601626
776,262,4.805343511450381,1239898,891,0.2940516273849607
777,347,4.740634005763689,1239900,1793,0.1935303959843837
778,294,3.3197278911564627,1239949,1321,0.22255866767600302
779,301,8.674418604651162,1257765,10434,0.028847996933103318
780,450,2.468888888888889,1258693,763,0.5897771952817824
781,647,1.80370942812983,1259102,3541,0.18271674668172833
782,291,6.40893470790378,1270887,2492,0.11677367576243981
783,284,2.4049295774647885,1292330,652,0.43558282208588955
784,1215,2.2584362139917697,1299521,3057,0.3974484789008832
785,390,1.0564102564102564,1299527,1424,0.273876404494382
786,331,7.259818731117825,1305019,6952,0.04761219792865363
787,251,8.629482071713147,1305812,734,0.3419618528610354
788,494,4.5465587044534415,1306877,4392,0.11247723132969034
789,243,8.23045267489712,1311719,7907,0.030732262552168963
790,274,6.076642335766423,1314104,1598,0.17146433041301626
791,367,5.291553133514986,1314498,8767,0.041861526177711876
792,530,7.8528301886792455,1320620,11516,0.04602292462660646
793,2827,2.275203395825964,1321090,25054,0.11283627364891834
794,408,2.7916666666666665,1322948,1158,0.35233160621761656
795,989,0.0980788675429727,1330971,1038,0.9527938342967245
796,295,4.376271186440678,1332706,783,0.3767560664112388
797,409,2.801955990220049,1333912,1377,0.2970225127087872
798,1008,1.6031746031746033,1345912,4486,0.22469906375390103
799,263,2.3992395437262357,1347284,889,0.2958380202474691
800,346,3.46242774566474,1357148,1291,0.26800929512006194
801,341,6.991202346041056,1359104,2046,0.16666666666666666
802,264,4.90530303030303,1362298,3934,0.06710726995424504
803,411,1.1508515815085159,1362533,1552,0.264819587628866
804,480,1.2104166666666667,1362578,913,0.5257393209200438
805,1053,4.6581196581196584,1364710,11518,0.09142212189616253
806,356,5.963483146067416,1384125,7569,0.047033954287224206
807,390,10.405128205128205,1384141,7554,0.051628276409849086
808,381,9.31233595800525,1384494,4054,0.09398125308337445
809,386,5.746113989637306,1387348,5233,0.07376266004204089
810,315,3.0825396825396827,1387788,1320,0.23863636363636365
811,414,4.388888888888889,1389552,2821,0.1467564693371145
812,475,3.825263157894737,1390182,6522,0.07283042011652867
813,1138,3.1836555360281196,1394139,9746,0.11676585265750052
814,246,3.2642276422764227,1454741,530,0.4641509433962264
815,2297,0.30692207226817586,1455251,2297,1.0
816,460,5.715217391304348,1471107,7067,0.06509126927975095
817,276,4.77536231884058,1473305,3376,0.08175355450236967
818,947,2.9883843717001057,1533473,9087,0.1042148123693188
819,1715,1.8029154518950437,1535477,10622,0.16145735266428168
820,294,5.578231292517007,1535559,9473,0.03103557479151272
821,429,0.1794871794871795,1540633,429,1.0
822,328,9.454268292682928,1554463,8138,0.040304743180142544
823,302,2.2649006622516556,1556531,1664,0.1814903846153846
824,254,3.8818897637795278,1558315,1008,0.251984126984127
825,439,4.1776765375854215,1569841,2542,0.17269866247049567
826,304,2.8947368421052633,1646329,945,0.3216931216931217
827,503,8.481113320079523,1670405,5877,0.08558788497532754
828,460,1.517391304347826,1678927,3176,0.14483627204030228
829,254,2.3070866141732282,1689459,479,0.5302713987473904
830,1713,1.3724460011675423,1700399,9460,0.18107822410147992
831,275,6.1054545454545455,1700901,3180,0.08647798742138364
832,662,1.1329305135951662,1712671,2547,0.259913623871221
833,308,2.779220779220779,1712819,1445,0.21314878892733563
834,377,6.771883289124668,1715765,7278,0.05179994503984611
835,308,3.8636363636363638,1739379,505,0.6099009900990099
836,947,2.0158394931362196,1751223,8031,0.11791806748848213
837,359,6.147632311977716,1762767,3106,0.11558274307791372
838,252,7.055555555555555,1767649,1186,0.21247892074198987
839,294,2.4183673469387754,1769939,453,0.6490066225165563
840,293,8.580204778156997,1770455,4244,0.06903864278982093
841,326,3.245398773006135,1810141,1506,0.21646746347941567
842,1079,1.0954587581093604,1811137,2016,0.535218253968254
843,565,4.989380530973452,1816137,6214,0.09092372063083361
844,278,7.762589928057554,1819741,2529,0.10992487149070779
845,461,4.978308026030369,1825687,6476,0.07118591723285979
846,278,4.111510791366906,1834703,517,0.5377176015473888
847,1032,1.9777131782945736,1836059,2661,0.3878241262683202
848,351,1.3019943019943019,1840007,1133,0.30979699911738745
849,301,6.235880398671096,1840029,2831,0.10632285411515366
850,487,0.2299794661190965,1852167,488,0.9979508196721312
851,274,8.317518248175183,1854969,2648,0.10347432024169184
852,566,8.0,1862491,6626,0.08542106851795955
853,296,1.2972972972972974,1862911,601,0.4925124792013311
854,333,9.882882882882884,1889613,9856,0.033786525974025976
855,280,1.8607142857142858,1892793,2051,0.13651877133105803
856,366,1.7240437158469946,1942977,1832,0.19978165938864628
857,321,2.398753894080997,1951135,1126,0.28507992895204265
858,316,5.8765822784810124,1962917,4760,0.06638655462184874
859,276,6.61231884057971,1976493,7728,0.03571428571428571
860,437,5.906178489702517,1990921,6169,0.0708380612741125
861,479,4.7306889352818375,1991267,5332,0.08983495873968492
862,330,3.3484848484848486,1991423,1572,0.2099236641221374
863,385,8.61038961038961,2044975,3678,0.10467645459488853
864,317,1.7697160883280758,2048483,650,0.4876923076923077
865,549,2.3041894353369763,2048555,2145,0.25594405594405595
866,296,8.736486486486486,2048699,4580,0.06462882096069869
867,1506,0.08565737051792828,2055010,1827,0.8243021346469622
868,317,9.476340694006309,2071852,3574,0.08869613878007834
869,326,4.460122699386503,2073052,4610,0.07071583514099783
870,266,7.785714285714286,2075808,1379,0.19289340101522842
871,505,1.6514851485148514,2076934,1108,0.45577617328519854
872,364,0.4807692307692308,2080354,364,1.0
873,385,1.2181818181818183,2094536,671,0.5737704918032787
874,420,2.0285714285714285,2117208,3733,0.11251004553978033
875,273,8.047619047619047,2157462,6887,0.0396399012632496
876,267,5.022471910112359,2175518,1500,0.178
877,413,1.3462469733656175,2177212,600,0.6883333333333334
878,292,5.657534246575342,2177802,943,0.30965005302226933
879,1011,4.6765578635014835,2195678,7646,0.13222600052314937
880,252,6.7103174603174605,2195996,2114,0.11920529801324503
881,245,7.828571428571428,2196126,4661,0.05256382750482729
882,742,4.894878706199461,2239640,8832,0.08401268115942029
883,347,6.371757925072046,2254206,1878,0.1847710330138445
884,492,1.8882113821138211,2269222,1561,0.31518257527226134
885,433,7.279445727482679,2269834,3204,0.13514357053682896
886,539,2.50834879406308,2277956,1861,0.2896292315959162
887,314,8.493630573248408,2282190,1807,0.17376867736579968
888,1000,8.452,2289832,4227,0.2365744026496333
889,246,9.504065040650406,2291410,920,0.2673913043478261
890,271,3.734317343173432,2308148,1242,0.2181964573268921
891,274,8.014598540145986,2333066,8250,0.033212121212121214
892,427,3.252927400468384,2335154,7864,0.054298067141403866
893,357,3.330532212885154,2381174,2143,0.16658889407372843
894,473,3.788583509513742,2398716,9901,0.04777295222704777
895,499,1.9358717434869739,2401600,1484,0.3362533692722372
896,294,6.989795918367347,2423750,989,0.2972699696663296
897,309,7.3624595469255665,2429264,1272,0.2429245283018868
898,286,4.8776223776223775,2450306,3014,0.0948905109489051
899,504,8.305555555555555,2467696,4510,0.11175166297117517
900,585,4.444444444444445,2498036,4396,0.13307552320291174
901,272,2.0661764705882355,2512172,406,0.6699507389162561
902,486,3.983539094650206,2524518,2730,0.17802197802197803
903,272,9.838235294117647,2529342,1469,0.18515997277059223
904,449,8.89086859688196,2548048,6639,0.06763066726916704
905,385,4.5168831168831165,2552990,2718,0.14164827078734363
906,719,7.207232267037552,2555598,5002,0.14374250299880048
907,544,5.363970588235294,2627667,7450,0.07302013422818791
908,660,7.574242424242424,2637634,3186,0.2071563088512241
909,287,10.268292682926829,2657426,5081,0.05648494390867939
910,283,10.710247349823321,2668978,2833,0.09989410518884574
911,347,2.3054755043227666,2669824,2201,0.15765561108587006
912,888,6.239864864864865,2703102,8244,0.10771470160116449
913,1301,2.6379707916986934,2707162,14968,0.08691876002137894
914,252,10.503968253968255,2720558,3150,0.08
915,250,5.996,2724794,2142,0.11671335200746966
916,965,1.9243523316062177,2727852,7218,0.13369354391798283
917,411,1.5547445255474452,2762564,736,0.5584239130434783
918,376,4.138297872340425,2767604,1392,0.27011494252873564
919,491,7.04684317718941,2783610,8926,0.055007842258570465
920,380,4.35,2785847,3372,0.11269276393831554
921,656,0.6463414634146342,2789878,2276,0.28822495606326887
922,331,9.879154078549849,2804999,455,0.7274725274725274
923,2868,0.4076011157601116,2834772,8825,0.324985835694051
924,277,6.830324909747293,2863668,1018,0.27210216110019647
925,319,2.523510971786834,2866072,2570,0.12412451361867705
926,778,6.167095115681234,2870052,7563,0.10286923178632817
927,508,1.889763779527559,2870375,2945,0.17249575551782684
928,503,3.5904572564612325,2873967,3113,0.1615804690009637
929,315,2.9523809523809526,2875654,920,0.3423913043478261
930,264,3.518939393939394,2876206,1658,0.15922798552472858
931,335,9.116417910447762,2888701,1276,0.26253918495297807
932,394,9.373096446700508,2924120,4177,0.09432607134306918
933,602,6.646179401993355,3053252,4639,0.12976934684199182
934,371,3.1482479784366575,3070736,3727,0.09954386906359002
935,499,1.7294589178356714,3078146,4658,0.10712752254186346
936,818,1.930317848410758,3083498,3020,0.27086092715231785
937,672,6.897321428571429,3141864,3104,0.21649484536082475
938,428,4.579439252336448,3145804,4497,0.09517456081832333
939,275,7.0181818181818185,3147401,3982,0.06906077348066299
940,471,1.8386411889596603,3152138,1734,0.27162629757785467
941,642,6.079439252336448,3154396,6561,0.0978509373571102
942,286,8.391608391608392,3167038,3932,0.07273652085452696
943,437,10.574370709382151,3177028,3803,0.11490928214567447
944,248,11.439516129032258,3183448,2541,0.09759937032664305
945,361,5.969529085872576,3184502,6677,0.05406619739403924
946,756,6.407407407407407,3218556,12753,0.059280169371912494
947,334,2.497005988023952,3229626,1442,0.231622746185853
948,251,8.366533864541832,3252506,8007,0.031347570875483954
949,1008,5.886904761904762,3367950,6839,0.1473899692937564
950,442,9.178733031674208,3387432,3814,0.11588883062401678
951,653,6.583460949464012,3477474,6920,0.09436416184971098
952,334,3.895209580838323,3477578,1493,0.22371064969859344
953,291,6.9243986254295535,3485786,6742,0.04316226638979531
954,318,9.421383647798741,3488550,3080,0.10324675324675325
955,310,4.193548387096774,3500724,2771,0.11187297004691447
956,335,7.817910447761194,3503210,2748,0.12190684133915575
957,551,3.50453720508167,3515876,4714,0.11688587187102249
958,365,7.4082191780821915,3556456,5358,0.0681224337439343
959,311,8.614147909967846,3746568,4330,0.07182448036951501
960,811,3.4771886559802714,3757098,8691,0.09331492348406398
961,800,2.6825,3795246,13926,0.057446502944133275
962,251,6.749003984063745,3831028,1858,0.13509149623250807
963,264,7.984848484848484,3835612,2876,0.0917941585535466
964,478,8.380753138075313,3842190,5931,0.08059349182262687
965,1023,1.3411534701857282,3842698,12264,0.08341487279843444
966,1041,2.760806916426513,3953294,4847,0.21477202393232928
967,589,3.4787775891341255,3981996,3854,0.15282823040996368
968,397,1.0302267002518892,4081282,658,0.6033434650455927
969,689,4.660377358490566,4173522,7801,0.08832200999871812
970,298,9.197986577181208,4173824,9058,0.032899094722896885
971,568,7.417253521126761,4207122,3498,0.1623785020011435
972,2144,0.8213619402985075,4293266,8072,0.26560951437066405
973,387,2.896640826873385,4329488,7225,0.05356401384083045
974,645,4.395348837209302,4341154,7749,0.0832365466511808
975,378,4.481481481481482,4342190,4613,0.0819423368740516
976,305,5.160655737704918,4345706,3081,0.09899383317104836
977,269,8.141263940520446,4387728,2324,0.1157487091222031
978,1039,2.0769971126082774,4415118,4724,0.2199407281964437
979,347,2.4121037463976944,4527530,1482,0.2341430499325236
980,423,7.82033096926714,4528380,6229,0.06790817145609247
981,599,5.634390651085142,4530356,7628,0.07852648138437336
982,585,5.034188034188034,4585558,1803,0.324459234608985
983,310,3.4612903225806453,4596922,2966,0.10451786918408631
984,372,7.731182795698925,4701148,2235,0.16644295302013423
985,251,10.127490039840637,4890816,1885,0.13315649867374005
986,270,2.8666666666666667,4939128,1655,0.16314199395770393
987,329,6.468085106382978,4979990,5614,0.05860349127182045
988,369,8.238482384823849,5005660,2598,0.1420323325635104
989,570,4.059649122807017,5024016,6119,0.09315247589475405
990,370,9.535135135135135,5075170,3637,0.10173219686554853
991,315,6.828571428571428,5116098,1755,0.1794871794871795
992,343,7.411078717201166,5165938,1188,0.2887205387205387
993,276,5.786231884057971,5188258,3964,0.06962663975782038
994,400,8.075,5206872,5296,0.0755287009063444
995,486,5.602880658436214,5209538,13003,0.03737599015611782
996,334,3.3502994011976046,5592002,2783,0.12001437297879985
997,823,3.919805589307412,5599748,10537,0.07810572269146816
998,250,6.336,6692704,1050,0.23809523809523808
999,330,4.175757575757576,7028444,1820,0.1813186813186813
